ds,yhat,yhat_lower,yhat_upper,trend,weekly,yearly
2023-07-01,6156,361,12402,33796,-0,0
2023-07-02,5849,18,11807,33795,-0,0
2023-07-03,43539,37594,50367,33794,0,0
2023-07-04,42109,35860,48021,33793,0,-0
2023-07-05,40604,34177,46981,33792,0,-0
2023-07-06,38949,32658,45250,33791,0,-0
2023-07-07,33217,26707,39423,33791,-0,-0
2023-07-08,5261,-935,11595,33790,-0,-0
2023-07-09,5006,-1240,11273,33789,-0,-0
2023-07-10,42754,36409,48388,33788,0,-0
2023-07-11,41399,34829,47066,33787,0,-0
2023-07-12,39978,34103,46084,33786,0,-0
2023-07-13,38415,32017,44920,33785,0,-0
2023-07-14,32782,26995,39108,33785,-0,-0
2023-07-15,4933,-1143,11187,33784,-0,-0
2023-07-16,4784,-1343,10801,33783,-0,-0
2023-07-17,42631,36847,49367,33782,0,-0
2023-07-18,41381,35348,47296,33781,0,-0
2023-07-19,40062,33935,46446,33780,0,-0
2023-07-20,38597,31953,44537,33780,0,-0
2023-07-21,33056,26815,39346,33779,-0,-0
2023-07-22,5296,-770,11452,33778,-0,-0
2023-07-23,5222,-921,11272,33777,-0,-0
2023-07-24,43128,37239,49582,33776,0,-0
2023-07-25,41934,35969,48153,33775,0,-0
2023-07-26,40660,34856,47303,33774,0,-0
2023-07-27,39229,32894,45164,33774,0,0
2023-07-28,33713,27250,40169,33773,-0,0
2023-07-29,5970,-579,11861,33772,-0,0
2023-07-30,5899,-323,12097,33771,-0,0
2023-07-31,43793,38015,50056,33770,0,0
2023-08-01,42585,36218,48565,33769,0,0
2023-08-02,41290,34980,47590,33769,0,0
2023-08-03,39833,33218,46001,33768,0,0
2023-08-04,34286,28006,40563,33767,-0,0
2023-08-05,6515,582,12115,33766,-0,0
2023-08-06,6408,57,12779,33765,-0,0
2023-08-07,44257,38079,50292,33764,0,0
2023-08-08,43014,36707,49286,33764,0,0
2023-08-09,41685,36314,48071,33763,0,0
2023-08-10,40196,34162,46298,33762,0,0
2023-08-11,34622,28296,40417,33761,-0,0
2023-08-12,6830,774,13003,33760,-0,0
2023-08-13,6702,846,12118,33759,-0,0
2023-08-14,44530,38148,50779,33758,0,0
2023-08-15,43274,37379,49855,33758,0,0
2023-08-16,41938,35796,47986,33757,0,0
2023-08-17,40446,34630,46230,33756,0,0
2023-08-18,34872,29141,40632,33755,-0,0
2023-08-19,7087,1263,12908,33754,-0,0
2023-08-20,6964,574,12767,33753,-0,0
2023-08-21,44789,38325,50931,33753,0,0
2023-08-22,43539,37575,49904,33752,0,0
2023-08-23,42208,35850,48200,33751,0,0
2023-08-24,40718,34689,46872,33750,0,0
2023-08-25,35145,28647,41348,33749,-0,0
2023-08-26,7362,1509,13606,33748,-0,0
2023-08-27,7232,1289,13250,33747,-0,0
2023-08-28,45039,38843,51028,33747,0,0
2023-08-29,43774,37695,49891,33746,0,0
2023-08-30,42422,36344,48484,33745,0,0
2023-08-31,40908,34281,46562,33744,0,0
2023-09-01,35306,29242,41572,33743,-0,0
2023-09-02,7494,1610,13796,33742,-0,0
2023-09-03,7327,975,13945,33742,-0,0
2023-09-04,45088,38713,50914,33741,0,0
2023-09-05,43780,37580,50278,33740,0,0
2023-09-06,42386,36172,48722,33739,0,0
2023-09-07,40828,34801,46526,33738,0,0
2023-09-08,35185,29066,41098,33737,-0,0
2023-09-09,7337,1168,13232,33736,-0,0
2023-09-10,7131,915,13614,33736,-0,0
2023-09-11,44851,38587,51057,33735,0,0
2023-09-12,43513,37276,49761,33734,0,0
2023-09-13,42093,35854,48439,33733,0,0
2023-09-14,40516,34311,46574,33732,0,0
2023-09-15,34860,28505,40972,33731,-0,0
2023-09-16,7010,951,13055,33731,-0,0
2023-09-17,6802,1285,13144,33730,-0,0
2023-09-18,44520,38377,50302,33729,0,0
2023-09-19,43193,36949,49547,33728,0,0
2023-09-20,41789,36188,48080,33727,0,0
2023-09-21,40232,34067,46508,33726,0,0
2023-09-22,34600,28218,40650,33725,-0,0
2023-09-23,6780,86,13013,33725,-0,0
2023-09-24,6600,352,12701,33724,-0,0
2023-09-25,44339,37729,50017,33723,0,0
2023-09-26,43040,36775,49573,33722,0,0
2023-09-27,41661,35462,47654,33721,0,0
2023-09-28,40127,34046,46300,33720,0,0
2023-09-29,34515,28614,40669,33720,-0,0
2023-09-30,6714,290,12683,33719,-0,0
2023-10-01,6543,212,12738,33718,-0,0
2023-10-02,44278,38136,50334,33717,0,0
2023-10-03,42976,36870,48641,33716,0,0
2023-10-04,41587,35701,47603,33715,0,0
2023-10-05,40037,33983,46234,33715,0,0
2023-10-06,34403,28197,40478,33714,-0,0
2023-10-07,6578,577,12413,33713,-0,0
2023-10-08,6373,424,12611,33712,-0,0
2023-10-09,44064,37722,50364,33711,0,0
2023-10-10,42719,36423,48995,33710,0,0
2023-10-11,41287,34813,47520,33709,0,0
2023-10-12,39692,33511,45841,33709,0,0
2023-10-13,34014,27875,39977,33708,-0,0
2023-10-14,6151,167,12770,33707,-0,0
2023-10-15,5906,93,11890,33706,-0,0
2023-10-16,43553,37159,49791,33705,0,0
2023-10-17,42179,36459,48728,33704,0,0
2023-10-18,40722,34470,47296,33704,0,0
2023-10-19,39111,33121,45092,33703,0,-0
2023-10-20,33426,27258,39437,33702,-0,-0
2023-10-21,5568,-629,11538,33701,-0,-0
2023-10-22,5332,-1045,11511,33700,-0,-0
2023-10-23,42992,36613,49315,33699,0,-0
2023-10-24,41646,35582,47678,33698,0,-0
2023-10-25,40227,33922,46309,33698,0,-0
2023-10-26,38662,32393,44798,33697,0,-0
2023-10-27,33032,27301,39150,33696,-0,-0
2023-10-28,5241,-1341,11735,33695,-0,-0
2023-10-29,5073,-1149,11615,33694,-0,-0
2023-10-30,42798,36808,49537,33693,0,-0
2023-10-31,41528,35454,47117,33693,0,-0
2023-11-01,40187,34292,46340,33692,0,-0
2023-11-02,38701,32495,44998,33691,0,-0
2023-11-03,33150,27083,39049,33690,-0,-0
2023-11-04,5438,-596,11304,33689,-0,-0
2023-11-05,5342,-694,11391,33688,-0,-0
2023-11-06,43127,37236,49415,33687,0,-0
2023-11-07,41918,36035,47800,33687,0,-0
2023-11-08,40630,34508,46788,33686,0,0
2023-11-09,39189,33284,45247,33685,0,0
2023-11-10,33674,27495,40386,33684,-0,0
2023-11-11,5994,-4,11748,33683,-0,0
2023-11-12,5912,239,12137,33682,-0,0
2023-11-13,43696,37638,49908,33682,0,0
2023-11-14,42480,36392,48513,33681,0,0
2023-11-15,41176,35055,47807,33680,0,0
2023-11-16,39707,33451,46203,33679,0,0
2023-11-17,34153,27971,40226,33678,-0,0
2023-11-18,6427,250,12623,33677,-0,0
2023-11-19,6286,439,12312,33677,-0,0
2023-11-20,43992,37737,49577,33676,0,0
2023-11-21,42697,36567,49022,33675,0,0
2023-11-22,41303,35238,47398,33674,0,0
2023-11-23,39735,33580,46068,33673,0,0
2023-11-24,34075,27753,40072,33673,-0,0
2023-11-25,6238,97,12353,33672,-0,0
2023-11-26,5972,-539,11885,33671,-0,0
2023-11-27,43540,37520,49962,33670,0,0
2023-11-28,42104,35495,48198,33669,0,0
2023-11-29,40563,34563,46934,33668,0,-0
2023-11-30,38840,32682,44969,33668,0,-0
2023-12-01,33018,27261,38995,33667,-0,-0
2023-12-02,5017,-1513,11131,33666,-0,-0
2023-12-03,4575,-1531,10661,33665,-0,-0
2023-12-04,41954,36422,48037,33664,0,-0
2023-12-05,40330,33907,46779,33663,0,-0
2023-12-06,38597,32276,44974,33663,0,-0
2023-12-07,36677,30506,43043,33662,0,-0
2023-12-08,30658,24869,36373,33661,-0,-0
2023-12-09,2460,-3589,8589,33660,-0,-0
2023-12-10,1818,-4236,8206,33659,-0,-0
2023-12-11,38992,32871,45229,33658,0,-0
2023-12-12,37177,31433,43339,33659,0,-0
2023-12-13,35258,29542,41211,33660,0,-0
2023-12-14,33162,27444,39773,33661,0,-0
2023-12-15,26977,20529,33014,33662,-0,-0
2023-12-16,-1373,-7597,4697,33663,-0,-0
2023-12-17,-2149,-7998,4031,33663,-0,-0
2023-12-18,34918,28878,40542,33664,0,-0
2023-12-19,33013,26708,39635,33665,0,-0
2023-12-20,31031,24927,36854,33666,0,-0
2023-12-21,28902,22383,35287,33667,0,-0
2023-12-22,22716,16685,28585,33668,-0,-0
2023-12-23,-5604,-11661,371,33668,-0,-0
2023-12-24,-6308,-12537,325,33669,-0,-0
2023-12-25,30877,24765,36487,33670,0,-0
2023-12-26,29123,22984,35259,33671,0,-0
2023-12-27,27334,21192,33292,33672,0,-0
2023-12-28,25438,19417,31689,33673,0,-0
2023-12-29,19526,13348,25591,33674,-0,-0
2023-12-30,-8484,-14774,-2094,33674,-0,-0
2023-12-31,-8836,-14896,-2634,33675,-0,-0
2024-01-01,28744,22709,34622,33676,0,-0
2024-01-02,27410,21456,33765,33677,0,-0
2024-01-03,26070,19954,32818,33678,0,-0
2024-01-04,24648,18115,30961,33679,0,-0
2024-01-05,19229,12797,25590,33679,-0,-0
2024-01-06,-8279,-14287,-1857,33680,-0,-0
2024-01-07,-8114,-14281,-2570,33681,-0,-0
2024-01-08,29992,23914,36499,33682,0,-0
2024-01-09,29174,22682,34796,33683,0,-0
2024-01-10,28339,22612,34779,33684,0,-0
2024-01-11,27408,21788,33752,33684,0,-0
2024-01-12,22455,16480,28462,33685,-0,-0
2024-01-13,-4617,-10836,1101,33686,-0,-0
2024-01-14,-4046,-10097,2404,33690,-0,-0
2024-01-15,34440,28415,40955,33693,0,-0
2024-01-16,33949,27720,40007,33697,0,-0
2024-01-17,33394,27132,39562,33700,0,-0
2024-01-18,32692,26585,39070,33704,0,-0
2024-01-19,27913,21753,34217,33707,-0,-0
2024-01-20,943,-5684,7055,33710,-0,-0
2024-01-21,1580,-4007,7827,33714,-0,-0
2024-01-22,40104,34373,46420,33717,0,-0
2024-01-23,39570,33569,45876,33721,0,-0
2024-01-24,38920,32209,45145,33724,0,-0
2024-01-25,38073,31780,44120,33728,0,-0
2024-01-26,33102,26911,39120,33731,-0,-0
2024-01-27,5882,-380,11836,33735,-0,0
2024-01-28,6253,-485,12343,33738,-0,0
2024-01-29,44507,38367,50980,33742,0,0
2024-01-30,43650,37549,49936,33745,0,0
2024-01-31,42657,36393,48920,33749,0,0
2024-02-01,41454,35054,47452,33752,0,0
2024-02-02,36118,29617,42104,33756,-0,0
2024-02-03,8516,2525,15056,33759,-0,0
2024-02-04,8530,2861,14615,33763,-0,0
2024-02-05,46466,39788,52444,33766,0,0
2024-02-06,45279,39315,51733,33770,0,0
2024-02-07,43977,37912,50032,33773,0,0
2024-02-08,42490,36438,49145,33777,0,0
2024-02-09,36895,30699,43231,33780,-0,0
2024-02-10,9050,2526,15051,33784,-0,0
2024-02-11,8873,2915,14869,33787,-0,0
2024-02-12,46681,40453,53242,33791,0,0
2024-02-13,45371,38884,51425,33794,0,0
2024-02-14,43981,37866,50221,33798,0,0
2024-02-15,42441,36384,48619,33803,0,0
2024-02-16,36820,30619,42915,33808,-0,0
2024-02-17,8959,3017,15283,33812,-0,0
2024-02-18,8815,2811,15069,33817,-0,0
2024-02-19,46712,41146,52627,33822,0,0
2024-02-20,45476,39094,51771,33827,0,0
2024-02-21,44173,38328,50171,33832,0,0
2024-02-22,42728,36550,48396,33837,0,0
2024-02-23,37204,31335,43350,33842,-0,0
2024-02-24,9419,3154,15831,33847,-0,0
2024-02-25,9376,3346,15566,33852,-0,0
2024-02-26,47407,41342,53735,33857,0,0
2024-02-27,46255,40047,52828,33861,0,0
2024-02-28,45023,39062,50740,33866,0,0
2024-02-29,43633,37407,49810,33871,0,0
2024-03-01,38142,31818,44520,33876,-0,0
2024-03-02,10347,3802,16571,33881,-0,0
2024-03-03,10302,4149,16083,33886,-0,0
2024-03-04,48349,42476,54099,33891,0,0
2024-03-05,47151,41237,52920,33896,0,0
2024-03-06,45853,39680,51648,33901,0,0
2024-03-07,44378,38079,50684,33906,0,0
2024-03-08,38781,32421,44722,33910,-0,0
2024-03-09,10841,4563,17221,33915,-0,0
2024-03-10,10666,4595,16801,33920,-0,0
2024-03-11,48611,42346,54685,33925,0,0
2024-03-12,47264,41029,53182,33930,0,0
2024-03-13,45813,39280,51997,33935,0,0
2024-03-14,44182,37965,50629,33940,0,0
2024-03-15,38425,33086,44828,33945,-0,0
2024-03-16,10308,3879,16342,33950,-0,0
2024-03-17,9991,4137,16734,33955,-0,0
2024-03-18,47841,41495,54296,33960,0,0
2024-03-19,46371,40520,52579,33964,0,0
2024-03-20,44809,38416,50714,33969,0,0
2024-03-21,43082,37248,49516,33974,0,0
2024-03-22,37241,31314,43652,33979,-0,0
2024-03-23,9033,2954,15228,33984,-0,0
2024-03-24,8670,2818,14979,33989,-0,0
2024-03-25,46529,40596,52738,33994,0,0
2024-03-26,45044,38708,51440,33999,0,0
2024-03-27,43483,37228,49996,34004,0,0
2024-03-28,41772,35660,47864,34009,0,0
2024-03-29,35955,29531,42481,34013,-0,0
2024-03-30,7761,1855,14080,34018,-0,0
2024-03-31,7449,1143,13606,34023,-0,0
2024-04-01,45407,39367,51433,34028,0,0
2024-04-02,43987,37929,50140,34033,0,0
2024-04-03,42497,36045,48747,34038,0,0
2024-04-04,40859,34780,47095,34043,0,0
2024-04-05,35114,29074,41108,34048,-0,0
2024-04-06,6969,814,13002,34053,-0,0
2024-04-07,6734,655,13254,34058,-0,0
2024-04-08,44805,38254,50929,34062,0,0
2024-04-09,43457,37510,49733,34067,0,0
2024-04-10,42034,35752,48153,34072,0,0
2024-04-11,40461,34398,46502,34077,0,0
2024-04-12,34771,28713,40965,34082,-0,0
2024-04-13,6656,550,12921,34087,-0,0
2024-04-14,6476,393,12438,34092,-0,0
2024-04-15,44637,38291,50473,34097,0,0
2024-04-16,43336,37105,48919,34102,0,0
2024-04-17,41958,35519,47707,34107,0,0
2024-04-18,40427,34088,46142,34111,0,0
2024-04-19,34775,29003,41168,34116,-0,0
2024-04-20,6675,78,12637,34121,-0,0
2024-04-21,6537,-89,12615,34126,-0,0
2024-04-22,44779,38527,50889,34131,0,0
2024-04-23,43520,37627,50124,34136,0,0
2024-04-24,42186,35967,48229,34141,0,0
2024-04-25,40698,34940,46595,34146,0,0
2024-04-26,35087,29150,41712,34151,-0,0
2024-04-27,7004,893,13276,34156,-0,0
2024-04-28,6913,977,13509,34161,-0,0
2024-04-29,45239,39387,51157,34165,0,0
2024-04-30,44024,37718,50516,34170,0,0
2024-05-01,42731,36543,48761,34175,0,0
2024-05-02,41282,35015,47419,34180,0,0
2024-05-03,35702,29562,41842,34185,-0,0
2024-05-04,7623,1219,14138,34190,-0,0
2024-05-05,7557,1042,13759,34195,-0,0
2024-05-06,45942,39604,51643,34200,0,0
2024-05-07,44739,38549,50764,34205,0,0
2024-05-08,43450,37453,49777,34210,0,0
2024-05-09,41997,35943,48246,34214,0,0
2024-05-10,36400,30229,42404,34219,-0,0
2024-05-11,8273,1902,14278,34224,-0,0
2024-05-12,8180,2421,14442,34229,-0,0
2024-05-13,46568,40003,52527,34234,0,0
2024-05-14,45320,38885,50883,34239,0,0
2024-05-15,43979,38251,49974,34244,0,0
2024-05-16,42469,35970,48907,34249,0,0
2024-05-17,36804,30478,43141,34254,-0,0
2024-05-18,8584,2045,14349,34259,-0,0
2024-05-19,8423,2369,14958,34263,-0,0
2024-05-20,46780,40487,52952,34268,0,0
2024-05-21,45462,39213,51562,34273,0,0
2024-05-22,44052,37966,50267,34278,0,0
2024-05-23,42475,36572,48760,34283,0,0
2024-05-24,36745,30108,42722,34288,-0,0
2024-05-25,8441,2354,14507,34293,-0,0
2024-05-26,8230,2080,14604,34298,-0,0
2024-05-27,46584,40825,52860,34303,0,0
2024-05-28,45230,39642,51670,34308,0,0
2024-05-29,43792,38279,49881,34313,0,0
2024-05-30,42196,36136,48534,34317,0,0
2024-05-31,36449,30037,42355,34322,-0,0
2024-06-01,8114,2062,14433,34327,-0,0
2024-06-02,7908,1689,14111,34332,-0,0
2024-06-03,46311,40048,52897,34337,0,0
2024-06-04,44972,38848,51119,34342,0,0
2024-06-05,43553,37329,49887,34347,0,0
2024-06-06,41978,35928,48085,34352,0,0
2024-06-07,36250,30334,42806,34357,-0,0
2024-06-08,7911,1554,13754,34362,-0,0
2024-06-09,7728,1514,13896,34366,-0,0
2024-06-10,46190,39975,52372,34371,0,0
2024-06-11,44865,38703,51370,34376,0,0
2024-06-12,43456,37611,49742,34381,0,0
2024-06-13,41884,35839,47812,34386,0,0
2024-06-14,36148,29792,41982,34391,-0,0
2024-06-15,7770,1510,13881,34396,-0,0
2024-06-16,7568,1429,13504,34401,-0,0
2024-06-17,46041,39588,52082,34406,0,0
2024-06-18,44680,38250,50538,34411,0,0
2024-06-19,43226,37092,49450,34415,0,0
2024-06-20,41602,35674,47492,34420,0,0
2024-06-21,35804,29479,41829,34425,-0,0
2024-06-22,7337,1121,14188,34430,-0,0
2024-06-23,7069,878,13217,34435,-0,0
2024-06-24,45513,39356,52097,34440,0,0
2024-06-25,44083,37718,50224,34445,0,0
2024-06-26,42562,36036,48578,34450,0,0
2024-06-27,40872,34348,47293,34455,0,0
2024-06-28,35009,28807,41099,34460,-0,0
2024-06-29,6461,226,12654,34465,-0,0
2024-06-30,6149,190,12452,34469,-0,0
2024-07-01,44596,38775,50558,34474,0,0
2024-07-02,43140,37113,49261,34479,0,0
2024-07-03,41604,35764,47693,34484,0,0
2024-07-04,39912,33446,46039,34489,0,-0
2024-07-05,34055,27713,40164,34494,-0,-0
2024-07-06,5504,-1089,11884,34499,-0,-0
2024-07-07,5230,-1232,11198,34504,-0,-0
2024-07-08,43766,37295,49975,34509,0,-0
2024-07-09,42371,36444,48637,34514,0,-0
2024-07-10,40907,34764,46850,34518,0,-0
2024-07-11,39298,33029,45381,34523,0,-0
2024-07-12,33527,27246,39784,34528,-0,-0
2024-07-13,5046,-896,10460,34533,-0,-0
2024-07-14,4875,-947,10800,34538,-0,-0
2024-07-15,43557,38094,50003,34543,0,-0
2024-07-16,42268,36556,48723,34548,0,-0
2024-07-17,40910,34930,47106,34553,0,-0
2024-07-18,39404,33168,46107,34558,0,-0
2024-07-19,33729,27782,40296,34563,-0,-0
2024-07-20,5315,-734,11406,34567,-0,-0
2024-07-21,5231,-901,10922,34572,-0,-0
2024-07-22,44031,37857,50524,34577,0,-0
2024-07-23,42811,36276,48632,34582,0,-0
2024-07-24,41511,35423,47436,34587,0,-0
2024-07-25,40052,33932,46660,34592,0,-0
2024-07-26,34409,28513,40538,34597,-0,0
2024-07-27,5993,-378,11979,34602,-0,0
2024-07-28,5926,-47,11956,34607,-0,0
2024-07-29,44769,38509,51333,34612,0,0
2024-07-30,43545,37795,49726,34617,0,0
2024-07-31,42232,35884,48488,34621,0,0
2024-08-01,40752,35092,47039,34626,0,0
2024-08-02,35077,28818,41326,34631,-0,0
2024-08-03,6602,452,12301,34636,-0,0
2024-08-04,6500,882,12967,34641,-0,0
2024-08-05,45346,39440,51305,34646,0,0
2024-08-06,44083,38273,50675,34651,0,0
2024-08-07,42731,36544,48588,34656,0,0
2024-08-08,41213,34857,47692,34661,0,0
2024-08-09,35499,29349,41750,34666,-0,0
2024-08-10,6966,1101,13557,34670,-0,0
2024-08-11,6838,995,12706,34675,-0,0
2024-08-12,45700,39677,51669,34680,0,0
2024-08-13,44417,38461,50276,34685,0,0
2024-08-14,43051,37567,49664,34690,0,0
2024-08-15,41524,34893,47814,34695,0,0
2024-08-16,35799,30174,41639,34700,-0,0
2024-08-17,7237,758,12672,34705,-0,0
2024-08-18,7110,1086,13655,34710,-0,0
2024-08-19,46014,39886,52206,34715,0,0
2024-08-20,44735,38258,51146,34719,0,0
2024-08-21,43373,37077,49743,34724,0,0
2024-08-22,41848,35807,47634,34729,0,0
2024-08-23,36122,30289,41816,34734,-0,0
2024-08-24,7532,1259,13672,34739,-0,0
2024-08-25,7402,1506,13333,34744,-0,0
2024-08-26,46338,39906,52050,34749,0,0
2024-08-27,45048,38824,51181,34754,0,0
2024-08-28,43670,37557,49666,34759,0,0
2024-08-29,42124,36143,48054,34764,0,0
2024-08-30,36367,29896,42817,34769,-0,0
2024-08-31,7719,1391,13330,34773,-0,0
2024-09-01,7556,1596,13828,34778,-0,0
2024-09-02,46493,40588,53019,34783,0,0
2024-09-03,45161,38788,51070,34788,0,0
2024-09-04,43738,37513,49492,34793,0,0
2024-09-05,42147,36152,48081,34798,0,0
2024-09-06,36339,30201,41968,34803,-0,0
2024-09-07,7619,1595,13930,34808,-0,0
2024-09-08,7413,1124,14030,34813,-0,0
2024-09-09,46348,40391,52228,34818,0,0
2024-09-10,44978,38605,51469,34822,0,0
2024-09-11,43521,37492,49982,34827,0,0
2024-09-12,41900,35594,48274,34832,0,0
2024-09-13,36065,29808,41920,34837,-0,0
2024-09-14,7301,670,13666,34842,-0,0
2024-09-15,7085,1144,13353,34847,-0,0
2024-09-16,46055,40333,52585,34852,0,0
2024-09-17,44687,38262,50481,34857,0,0
2024-09-18,43238,37220,49449,34862,0,0
2024-09-19,41630,35742,48406,34867,0,0
2024-09-20,35808,30291,42181,34871,-0,0
2024-09-21,7038,505,12737,34876,-0,0
2024-09-22,6848,189,13154,34881,-0,0
2024-09-23,45886,39980,52233,34886,0,0
2024-09-24,44545,38453,50422,34891,0,0
2024-09-25,43122,37176,49475,34896,0,0
2024-09-26,41540,35126,47769,34901,0,0
2024-09-27,35737,29573,41998,34906,-0,0
2024-09-28,6959,662,13144,34911,-0,0
2024-09-29,6785,371,13139,34916,-0,0
2024-09-30,45871,39552,51838,34921,0,0
2024-10-01,44534,38381,50711,34925,0,0
2024-10-02,43108,36817,49085,34930,0,0
2024-10-03,41515,35277,47689,34935,0,0
2024-10-04,35690,29275,41660,34940,-0,0
2024-10-05,6863,592,13668,34945,-0,0
2024-10-06,6660,379,11915,34950,-0,0
2024-10-07,45751,39751,51778,34955,0,0
2024-10-08,44373,38315,50292,34960,0,0
2024-10-09,42903,37119,49148,34965,0,0
2024-10-10,41264,34986,47622,34970,0,0
2024-10-11,35387,29219,41452,34974,-0,0
2024-10-12,6484,-8,12657,34979,-0,0
2024-10-13,6236,-35,12251,34984,-0,0
2024-10-14,45322,39355,51286,34989,0,0
2024-10-15,43904,37645,49707,34994,0,0
2024-10-16,42399,36058,48460,34999,0,0
2024-10-17,40731,34244,46460,35004,0,0
2024-10-18,34829,28861,40896,35009,-0,0
2024-10-19,5886,-225,12174,35014,-0,-0
2024-10-20,5636,-56,12389,35019,-0,-0
2024-10-21,44767,38756,51043,35023,0,-0
2024-10-22,43365,37308,49342,35028,0,-0
2024-10-23,41886,35869,47904,35033,0,-0
2024-10-24,40253,34048,46545,35038,0,-0
2024-10-25,34391,28447,40833,35043,-0,-0
2024-10-26,5474,-342,11706,35048,-0,-0
2024-10-27,5285,-976,11398,35053,-0,-0
2024-10-28,44524,38529,50573,35058,0,-0
2024-10-29,43195,37282,49673,35063,0,-0
2024-10-30,41792,35801,47684,35068,0,-0
2024-10-31,40238,33884,46844,35073,0,-0
2024-11-01,34451,28277,40745,35077,-0,-0
2024-11-02,5588,-723,11315,35082,-0,-0
2024-11-03,5478,-591,11196,35087,-0,-0
2024-11-04,44831,38561,51145,35092,0,-0
2024-11-05,43571,37196,49594,35097,0,-0
2024-11-06,42232,36008,48318,35102,0,-0
2024-11-07,40733,34654,46910,35107,0,-0
2024-11-08,34990,28800,41061,35112,-0,0
2024-11-09,6138,133,12370,35117,-0,0
2024-11-10,6058,29,12069,35122,-0,0
2024-11-11,45468,38869,51568,35126,0,0
2024-11-12,44214,38467,50570,35131,0,0
2024-11-13,42870,36558,48960,35136,0,0
2024-11-14,41355,35733,47765,35141,0,0
2024-11-15,35580,29758,41673,35146,-0,0
2024-11-16,6662,819,13138,35151,-0,0
2024-11-17,6532,129,12931,35156,-0,0
2024-11-18,45920,40244,52189,35161,0,0
2024-11-19,44594,38606,50800,35166,0,0
2024-11-20,43168,37343,49385,35171,0,0
2024-11-21,41560,35368,47437,35175,0,0
2024-11-22,35678,29607,41595,35180,-0,0
2024-11-23,6621,612,12459,35185,-0,0
2024-11-24,6372,486,12634,35190,-0,0
2024-11-25,45671,39216,51883,35195,0,0
2024-11-26,44208,37721,50240,35200,0,0
2024-11-27,42635,35909,48231,35205,0,0
2024-11-28,40873,34710,46862,35210,0,0
2024-11-29,34825,28359,41191,35215,-0,-0
2024-11-30,5572,-176,12155,35220,-0,-0
2024-12-01,5147,-536,11698,35225,-0,-0
2024-12-02,44301,38028,50140,35229,0,-0
2024-12-03,42647,36389,48234,35234,0,-0
2024-12-04,40877,34645,46921,35239,0,-0
2024-12-05,38913,32311,45046,35244,0,-0
2024-12-06,32654,26711,38268,35249,-0,-0
2024-12-07,3163,-3685,9257,35254,-0,-0
2024-12-08,2527,-4242,8652,35259,-0,-0
2024-12-09,41510,35479,47754,35264,0,-0
2024-12-10,39645,33699,45705,35269,0,-0
2024-12-11,37668,31218,43580,35274,0,-0
2024-12-12,35503,29476,41416,35278,0,-0
2024-12-13,29047,23026,35097,35283,-0,-0
2024-12-14,-651,-6666,5620,35288,-0,-0
2024-12-15,-1451,-7983,5189,35293,-0,-0
2024-12-16,37423,31456,43737,35298,0,-0
2024-12-17,35431,29573,41739,35303,0,-0
2024-12-18,33352,27479,39515,35308,0,-0
2024-12-19,31110,25167,37708,35313,0,-0
2024-12-20,24606,18460,30417,35318,-0,-0
2024-12-21,-5130,-11080,848,35323,-0,-0
2024-12-22,-5905,-12458,337,35327,-0,-0
2024-12-23,33073,26946,39316,35332,0,-0
2024-12-24,31185,24839,37364,35337,0,-0
2024-12-25,29252,23089,34953,35342,0,-0
2024-12-26,27199,21482,33495,35347,0,-0
2024-12-27,20923,14370,26554,35352,-0,-0
2024-12-28,-8565,-14779,-2614,35357,-0,-0
2024-12-29,-9020,-14317,-2733,35362,-0,-0
2024-12-30,30355,24271,36261,35367,0,-0
2024-12-31,28864,23101,34966,35372,0,-0
2025-01-01,27362,21454,33837,35377,0,-0
2025-01-02,25772,19247,31762,35381,0,-0
2025-01-03,19981,14124,26368,35386,-0,-0
2025-01-04,-9021,-15259,-3127,35391,-0,-0
2025-01-05,-8946,-15491,-2700,35396,-0,-0
2025-01-06,31009,24600,37028,35401,0,-0
2025-01-07,30062,24379,36554,35406,0,-0
2025-01-08,29102,23245,34986,35411,0,-0
2025-01-09,28047,21886,34240,35416,0,-0
2025-01-10,22771,15994,28901,35421,-0,-0
2025-01-11,-5760,-11996,294,35426,-0,-0
2025-01-12,-5214,-11450,1101,35430,-0,-0
2025-01-13,35217,28715,41250,35435,0,-0
2025-01-14,34667,28671,41082,35440,0,-0
2025-01-15,34060,28251,40531,35445,0,-0
2025-01-16,33309,27007,39240,35450,0,-0
2025-01-17,28281,22317,34287,35455,-0,-0
2025-01-18,-80,-6123,6646,35460,-0,-0
2025-01-19,607,-5388,6739,35465,-0,-0
2025-01-20,41161,34710,47068,35470,0,-0
2025-01-21,40637,34065,46803,35475,0,-0
2025-01-22,39998,34008,46340,35479,0,-0
2025-01-23,39160,32566,45341,35484,0,-0
2025-01-24,33988,27750,39919,35489,-0,-0
2025-01-25,5413,-1022,11286,35494,-0,-0
2025-01-26,5869,-253,12149,35499,-0,0
2025-01-27,46190,40406,52650,35504,0,0
2025-01-28,45360,39313,51407,35509,0,0
2025-01-29,44387,37916,50297,35514,0,0
2025-01-30,43193,37167,48937,35519,0,0
2025-01-31,37645,31752,43721,35524,-0,0
2025-02-01,8663,2678,14251,35529,-0,0
2025-02-02,8738,2884,14675,35533,-0,0
2025-02-03,48720,42785,54979,35538,0,0
2025-02-04,47522,41348,53868,35543,0,0
2025-02-05,46197,40246,52214,35548,0,0
2025-02-06,44670,38802,50757,35553,0,0
2025-02-07,38812,32798,44935,35558,-0,0
2025-02-08,9526,3454,15887,35563,-0,0
2025-02-09,9357,3405,15505,35568,-0,0
2025-02-10,49169,43027,55282,35573,0,0
2025-02-11,47796,41568,54042,35578,0,0
2025-02-12,46333,40044,52275,35582,0,0
2025-02-13,44704,38833,51386,35587,0,0
2025-02-14,38775,33026,45289,35592,-0,0
2025-02-15,9428,3385,15607,35597,-0,0
2025-02-16,9259,2687,15320,35602,-0,0
2025-02-17,49136,43157,55355,35607,0,0
2025-02-18,47813,41720,54217,35612,0,0
2025-02-19,46420,39762,52494,35617,0,0
2025-02-20,44878,38325,51055,35622,0,0
2025-02-21,39043,32947,45411,35627,-0,0
2025-02-22,9775,3745,15599,35631,-0,0
2025-02-23,9715,3971,15968,35636,-0,0
2025-02-24,49739,43585,56249,35641,0,0
2025-02-25,48517,41942,54367,35646,0,0
2025-02-26,47215,41215,53399,35651,0,0
2025-02-27,45751,39841,52107,35656,0,0
2025-02-28,39974,33873,46292,35661,-0,0
2025-03-01,10723,4870,17006,35666,-0,0
2025-03-02,10688,4246,16479,35671,-0,0
2025-03-03,50754,44725,57160,35676,0,0
2025-03-04,49512,43284,55675,35681,0,0
2025-03-05,48168,42306,54171,35685,0,0
2025-03-06,46641,40728,52947,35690,0,0
2025-03-07,40775,34368,46935,35695,-0,0
2025-03-08,11394,5201,17306,35700,-0,0
2025-03-09,11240,5038,17082,35705,-0,0
2025-03-10,51211,45173,57265,35710,0,0
2025-03-11,49822,43261,55815,35715,0,0
2025-03-12,48323,42180,54498,35720,0,0
2025-03-13,46634,40358,52668,35725,0,0
2025-03-14,40601,34399,46283,35730,-0,0
2025-03-15,11029,4532,17013,35734,-0,0
2025-03-16,10717,4557,16284,35739,-0,0
2025-03-17,50574,44672,57066,35744,0,0
2025-03-18,49042,43213,54977,35749,0,0
2025-03-19,47410,41263,53382,35754,0,0
2025-03-20,45601,39449,51693,35759,0,0
2025-03-21,39458,33221,45380,35764,-0,0
2025-03-22,9771,3432,15673,35769,-0,0
2025-03-23,9388,2828,15309,35774,-0,0
2025-03-24,49232,43247,55212,35779,0,0
2025-03-25,47663,41925,53589,35783,0,0
2025-03-26,46011,40125,52035,35788,0,0
2025-03-27,44199,37830,49977,35793,0,0
2025-03-28,38065,31837,43674,35798,-0,0
2025-03-29,8378,2609,14483,35803,-0,0
2025-03-30,8036,2082,14677,35808,-0,0
2025-03-31,47970,41964,54006,35813,0,0
2025-04-01,46461,40558,52859,35818,0,0
2025-04-02,44877,38700,50621,35823,0,0
2025-04-03,43138,37368,49170,35828,0,0
2025-04-04,37077,31092,43336,35833,-0,0
2025-04-05,7442,891,13669,35837,-0,0
2025-04-06,7182,1054,13287,35842,-0,0
2025-04-07,47235,40915,53690,35847,0,0
2025-04-08,45804,39316,52132,35852,0,0
2025-04-09,44296,38303,50679,35857,0,0
2025-04-10,42629,36658,48709,35862,0,0
2025-04-11,36632,30637,42715,35867,-0,0
2025-04-12,7036,882,13619,35872,-0,0
2025-04-13,6837,1353,13318,35877,-0,0
2025-04-14,46987,40777,53188,35881,0,0
2025-04-15,45610,39472,52090,35886,0,0
2025-04-16,44151,37307,50292,35890,0,0
2025-04-17,42532,36269,48665,35895,0,0
2025-04-18,36576,30608,42705,35900,-0,0
2025-04-19,6998,1071,13908,35904,-0,0
2025-04-20,6845,432,12783,35909,-0,0
2025-04-21,47076,41101,53179,35914,0,0
2025-04-22,45742,39700,51498,35918,0,0
2025-04-23,44328,38631,49950,35923,0,0
2025-04-24,42754,36425,48858,35927,0,0
2025-04-25,36840,30987,42509,35932,-0,0
2025-04-26,7284,1279,13950,35937,-0,0
2025-04-27,7179,810,13085,35941,-0,0
2025-04-28,47495,41310,53431,35946,0,0
2025-04-29,46208,40167,52629,35951,0,0
2025-04-30,44840,38570,50998,35955,0,0
2025-05-01,43310,37660,49027,35960,0,0
2025-05-02,37434,31470,43487,35964,-0,0
2025-05-03,7891,1826,14031,35969,-0,0
2025-05-04,7820,1698,13999,35974,-0,0
2025-05-05,48202,42177,54359,35978,0,0
2025-05-06,46937,40996,53040,35983,0,0
2025-05-07,45584,39360,51502,35987,0,0
2025-05-08,44060,37667,50176,35992,0,0
2025-05-09,38178,32164,44333,35997,-0,0
2025-05-10,8599,2979,14481,36001,-0,0
2025-05-11,8510,2207,14695,36006,-0,0
2025-05-12,48901,42958,55456,36011,0,0
2025-05-13,47599,41771,53661,36015,0,0
2025-05-14,46201,39892,52578,36020,0,0
2025-05-15,44624,38111,50747,36024,0,0
2025-05-16,38679,32648,44967,36029,-0,0
2025-05-17,9008,3214,15158,36027,-0,0
2025-05-18,8850,2729,14590,36025,-0,0
2025-05-19,49181,42948,55585,36023,0,0
2025-05-20,47798,41524,54265,36021,0,0
2025-05-21,46318,40078,52223,36019,0,0
2025-05-22,44662,38451,51140,36016,0,0
2025-05-23,38642,32417,44779,36014,-0,0
2025-05-24,8918,2884,15289,36012,-0,0
2025-05-25,8701,2696,15180,36010,-0,0
2025-05-26,48963,43035,54833,36008,0,0
2025-05-27,47534,41528,53733,36006,0,0
2025-05-28,46017,39461,51843,36004,0,0
2025-05-29,44331,38478,50804,36002,0,0
2025-05-30,38293,32083,44331,36000,-0,0
2025-05-31,8568,2186,14756,35998,-0,0
2025-06-01,8346,2727,14162,35996,-0,0
2025-06-02,48595,42730,54843,35994,0,0
2025-06-03,47176,41292,53554,35991,0,0
2025-06-04,45675,39434,51836,35989,0,0
2025-06-05,44011,37740,50144,35987,0,0
2025-06-06,37998,32351,44346,35985,-0,0
2025-06-07,8311,2131,15104,35983,-0,0
2025-06-08,8115,1823,14202,35981,-0,0
2025-06-09,48373,41927,54289,35979,0,0
2025-06-10,46977,41241,52968,35977,0,0
2025-06-11,45495,39434,51783,35975,0,0
2025-06-12,43844,37624,49851,35973,0,0
2025-06-13,37840,31706,44009,35971,-0,0
2025-06-14,8165,2020,14227,35968,-0,0
2025-06-15,7960,2090,14099,35966,-0,0
2025-06-16,48183,42152,54805,35964,0,0
2025-06-17,46762,40090,53021,35962,0,0
2025-06-18,45237,39528,51318,35953,0,0
2025-06-19,43536,37045,50107,35945,0,0
2025-06-20,37480,31474,43753,35936,-0,0
2025-06-21,7774,1923,13808,35927,-0,0
2025-06-22,7505,986,13962,35918,-0,0
2025-06-23,47599,40921,53685,35909,0,0
2025-06-24,46102,40396,52832,35901,0,0
2025-06-25,44509,38741,50903,35892,0,0
2025-06-26,42742,36315,49025,35883,0,0
2025-06-27,36629,30840,42786,35874,-0,0
2025-06-28,6911,642,12898,35865,-0,0
2025-06-29,6587,189,12809,35857,-0,0
2025-06-30,46563,40838,52711,35848,0,0
2025-07-01,45030,38987,51301,35839,0,0
2025-07-02,43412,37629,49446,35830,0,0
2025-07-03,41631,35520,47660,35821,0,0
2025-07-04,35525,29134,41481,35812,-0,-0
2025-07-05,5869,67,11915,35804,-0,-0
2025-07-06,5568,-692,11164,35795,-0,-0
2025-07-07,45513,39885,51732,35786,0,-0
2025-07-08,44032,37951,50079,35777,0,-0
2025-07-09,42479,36329,48666,35768,0,-0
2025-07-10,40775,34561,46993,35760,0,-0
2025-07-11,34764,28665,41067,35751,-0,-0
2025-07-12,5252,-852,11388,35742,-0,-0
2025-07-13,5052,-652,11438,35733,-0,-0
2025-07-14,45035,38895,51157,35724,0,-0
2025-07-15,43666,37631,50068,35716,0,-0
2025-07-16,42228,35907,48536,35707,0,-0
2025-07-17,40638,34908,46761,35698,0,-0
2025-07-18,34747,28646,40589,35689,-0,-0
2025-07-19,5391,-683,11512,35680,-0,-0
2025-07-20,5292,-1169,11603,35672,-0,-0
2025-07-21,45289,39237,50840,35656,0,-0
2025-07-22,43999,37732,49998,35640,0,-0
2025-07-23,42629,36575,48724,35625,0,-0
2025-07-24,41100,35174,47313,35609,0,-0
2025-07-25,35269,29176,41484,35594,-0,-0
2025-07-26,6032,-171,12684,35578,-0,-0
2025-07-27,5962,115,12016,35563,-0,0
2025-07-28,45855,39717,51526,35547,0,0
2025-07-29,44577,38308,51026,35531,0,0
2025-07-30,43210,36730,49192,35516,0,0
2025-07-31,41674,36126,47320,35500,0,0
2025-08-01,35843,29910,41640,35485,-0,0
2025-08-02,6670,286,12944,35469,-0,0
2025-08-03,6569,123,12359,35453,-0,0
2025-08-04,46305,40110,52314,35438,0,0
2025-08-05,44994,39043,51107,35422,0,0
2025-08-06,43592,36844,49911,35407,0,0
2025-08-07,42023,35524,47586,35391,0,0
2025-08-08,36172,29852,42643,35376,-0,0
2025-08-09,7053,721,13302,35360,-0,0
2025-08-10,6921,839,12877,35344,-0,0
2025-08-11,46507,40468,52530,35329,0,0
2025-08-12,45175,39496,51349,35313,0,0
2025-08-13,43759,37491,49983,35298,0,0
2025-08-14,42179,36353,48504,35282,0,0
2025-08-15,36336,31098,42844,35267,-0,0
2025-08-16,7301,1167,13724,35251,-0,0
2025-08-17,7167,585,13117,35235,-0,0
2025-08-18,46632,40403,53063,35220,0,0
2025-08-19,45307,39727,51128,35204,0,0
2025-08-20,43900,37818,50089,35189,0,0
2025-08-21,42330,36517,48415,35173,0,0
2025-08-22,36501,30077,42207,35150,-0,0
2025-08-23,7565,995,13636,35126,-0,0
2025-08-24,7431,1407,13300,35103,-0,0
2025-08-25,46734,40928,52672,35079,0,0
2025-08-26,45400,39374,51366,35056,0,0
2025-08-27,43978,37754,50046,35032,0,0
2025-08-28,42392,36422,48536,35009,0,0
2025-08-29,36572,30168,42406,34985,-0,0
2025-08-30,7747,1611,14247,34962,-0,0
2025-08-31,7585,1438,13935,34938,-0,0
2025-09-01,46671,40777,52986,34915,0,0
2025-09-02,45306,38718,50916,34891,0,0
2025-09-03,43851,37877,50018,34868,0,0
2025-09-04,42230,36126,48097,34844,0,0
2025-09-05,36393,30545,42913,34821,-0,0
2025-09-06,7658,1310,13835,34798,-0,0
2025-09-07,7452,1271,13460,34774,-0,0
2025-09-08,46312,40335,52326,34751,0,0
2025-09-09,44912,38261,50857,34727,0,0
2025-09-10,43426,37214,49183,34704,0,0
2025-09-11,41779,35721,48418,34680,0,0
2025-09-12,35940,29766,42231,34657,-0,0
2025-09-13,7319,895,12946,34633,-0,0
2025-09-14,7097,660,13047,34610,-0,0
2025-09-15,45762,39438,51868,34586,0,0
2025-09-16,44364,38056,50055,34563,0,0
2025-09-17,42887,36692,48540,34539,0,0
2025-09-18,41255,35304,47438,34516,0,0
2025-09-19,35458,29212,41339,34492,-0,0
2025-09-20,6990,858,13244,34469,-0,0
2025-09-21,6791,885,12875,34446,-0,0
2025-09-22,45298,39192,51569,34422,0,0
2025-09-23,43934,37716,49956,34399,0,0
2025-09-24,42484,36466,48174,34368,0,0
2025-09-25,40881,34549,47204,34338,0,0
2025-09-26,35133,29184,40963,34308,-0,0
2025-09-27,6841,578,12796,34277,-0,0
2025-09-28,6663,548,12818,34247,-0,0
2025-09-29,44956,38382,50754,34217,0,0
2025-09-30,43603,37497,49616,34187,0,0
2025-10-01,42168,36553,48298,34156,0,0
2025-10-02,40574,34298,46521,34126,0,0
2025-10-03,34854,28915,40941,34096,-0,0
2025-10-04,6723,418,12560,34065,-0,0
2025-10-05,6527,822,12738,34035,-0,0
2025-10-06,44556,38586,50836,34005,0,0
2025-10-07,43180,36901,49066,33975,0,0
2025-10-08,41717,35765,47980,33944,0,0
2025-10-09,40093,33770,46244,33914,0,0
2025-10-10,34366,28418,40152,33884,-0,0
2025-10-11,6365,411,12537,33853,-0,0
2025-10-12,6125,73,12215,33823,-0,0
2025-10-13,43873,37877,50018,33793,0,0
2025-10-14,42463,36392,48310,33763,0,0
2025-10-15,40972,34760,47126,33732,0,0
2025-10-16,39323,32799,45520,33702,0,0
2025-10-17,33605,27694,40011,33672,-0,0
2025-10-18,5759,-667,12361,33641,-0,0
2025-10-19,5508,-1082,11478,33611,-0,-0
2025-10-20,43016,36798,49077,33581,0,-0
2025-10-21,41621,35836,47710,33551,0,-0
2025-10-22,40153,34361,46821,33520,0,-0
2025-10-23,38539,32783,44489,33490,0,-0
2025-10-24,32889,26353,39030,33460,-0,-0
2025-10-25,5261,-648,11437,33429,-0,-0
2025-10-26,5062,-917,11072,33399,-0,-0
2025-10-27,42391,36367,48712,33369,0,-0
2025-10-28,41068,34660,46897,33338,0,-0
2025-10-29,39678,34022,45778,33308,0,-0
2025-10-30,38147,32349,44484,33278,0,-0
2025-10-31,32610,26358,38862,33248,-0,-0
2025-11-01,5234,-623,11111,33217,-0,-0
2025-11-02,5113,-556,11708,33187,-0,-0
2025-11-03,42280,36388,48256,33157,0,-0
2025-11-04,41037,34791,46766,33126,0,-0
2025-11-05,39724,33725,45470,33096,0,-0
2025-11-06,38265,32129,44025,33066,0,-0
2025-11-07,32818,26664,38653,33036,-0,-0
2025-11-08,5664,-63,11683,33005,-0,0
2025-11-09,5583,-708,11620,32975,-0,0
2025-11-10,42542,35925,48392,32945,0,0
2025-11-11,41327,35459,47690,32914,0,0
2025-11-12,40031,34336,46168,32884,0,0
2025-11-13,38580,32590,44509,32854,0,0
2025-11-14,33156,27281,39370,32824,-0,0
2025-11-15,6154,92,12459,32793,-0,0
2025-11-16,6039,362,12351,32763,-0,0
2025-11-17,42717,36173,48507,32733,0,0
2025-11-18,41455,35339,47136,32702,0,0
2025-11-19,40104,33936,46190,32672,0,0
2025-11-20,38588,32492,44594,32642,0,0
2025-11-21,33116,26783,38973,32612,-0,0
2025-11-22,6197,-61,12293,32581,-0,0
2025-11-23,5983,-367,11941,32551,-0,0
2025-11-24,42315,36360,48443,32521,0,0
2025-11-25,40945,34594,47265,32490,0,0
2025-11-26,39479,33353,45606,32460,0,0
2025-11-27,37842,31288,43865,32430,0,0
2025-11-28,32267,26153,38703,32400,-0,0
2025-11-29,5378,-1204,11339,32369,-0,-0
2025-11-30,5014,-1112,10878,32339,-0,-0
2025-12-01,40950,34714,47169,32309,0,-0
2025-12-02,39425,32703,46074,32278,0,-0
2025-12-03,37797,31776,43913,32248,0,-0
2025-12-04,35995,29996,42207,32218,0,-0
2025-12-05,30276,23656,36399,32187,-0,-0
2025-12-06,3378,-2783,9565,32157,-0,-0
2025-12-07,2829,-3900,8598,32127,-0,-0
2025-12-08,38340,31887,43881,32097,0,-0
2025-12-09,36636,30095,42063,32066,0,-0
2025-12-10,34831,28462,40872,32036,0,-0
2025-12-11,32856,26819,38932,32006,0,-0
2025-12-12,26995,21609,33109,31975,-0,-0
2025-12-13,104,-6120,6214,31945,-0,-0
2025-12-14,-603,-6210,5840,31915,-0,-0
2025-12-15,34526,28692,41002,31885,0,-0
2025-12-16,32700,26621,38741,31854,0,-0
2025-12-17,30793,24845,37129,31824,0,-0
2025-12-18,28739,21960,34665,31794,0,-0
2025-12-19,22848,17084,28661,31763,-0,-0
2025-12-20,-3907,-10106,2033,31733,-0,-0
2025-12-21,-4620,-10709,1266,31703,-0,-0
2025-12-22,30296,24719,36697,31673,0,-0
2025-12-23,28536,22529,34765,31642,0,-0
2025-12-24,26731,20305,32998,31612,0,-0
2025-12-25,24818,18799,30561,31582,0,-0
2025-12-26,19131,12635,25495,31551,-0,-0
2025-12-27,-7242,-13198,-1053,31521,-0,-0
2025-12-28,-7709,-13920,-1881,31491,-0,-0
2025-12-29,27252,21117,33529,31461,0,-0
2025-12-30,25817,19875,31843,31430,0,-0
2025-12-31,24373,18196,30852,31400,0,-0
2026-01-01,22851,16615,29004,31370,0,-0
2026-01-02,17610,11368,23425,31339,-0,-0
2026-01-03,-8155,-13871,-1947,31309,-0,-0
2026-01-04,-8168,-14796,-1740,31279,-0,-0
2026-01-05,27023,20912,33185,31249,0,-0
2026-01-06,26074,19816,32688,31218,0,-0
2026-01-07,25119,18906,30893,31188,0,-0
2026-01-08,24086,18505,30427,31158,0,-0
2026-01-09,19352,13229,25212,31127,-0,-0
2026-01-10,-5780,-12104,351,31097,-0,-0
2026-01-11,-5352,-11669,908,31067,-0,-0
2026-01-12,30016,23588,36274,31036,0,-0
2026-01-13,29460,23504,35964,31006,0,-0
2026-01-14,28864,23238,35235,30976,0,-0
2026-01-15,28153,21552,34260,30946,0,-0
2026-01-16,23723,17384,29600,30915,-0,-0
2026-01-17,-1011,-6942,5252,30885,-0,-0
2026-01-18,-407,-6578,6208,30855,-0,-0
2026-01-19,34849,28372,40976,30824,0,-0
2026-01-20,34376,28412,40880,30794,0,-0
2026-01-21,33814,27657,40188,30764,0,-0
2026-01-22,33086,26655,39426,30734,0,-0
2026-01-23,28618,22652,34767,30703,-0,-0
2026-01-24,3940,-2376,10051,30673,-0,-0
2026-01-25,4382,-2155,11002,30643,-0,-0
2026-01-26,39200,32862,45749,30612,0,-0
2026-01-27,38499,32559,44911,30582,0,0
2026-01-28,37679,31316,43986,30552,0,0
2026-01-29,36671,30355,42786,30522,0,0
2026-01-30,31928,26046,38140,30491,-0,0
2026-01-31,7101,845,12924,30461,-0,0
2026-02-01,7213,810,13651,30431,-0,0
2026-02-02,41459,35651,47373,30400,0,0
2026-02-03,40436,33868,46536,30370,0,0
2026-02-04,39303,33325,45776,30340,0,0
2026-02-05,37996,31951,44261,30310,0,0
2026-02-06,32997,26708,39327,30279,-0,0
2026-02-07,8076,2350,13980,30249,-0,0
2026-02-08,7945,1827,13868,30219,-0,0
2026-02-09,41738,35472,47754,30188,0,0
2026-02-10,40536,34176,47089,30158,0,0
2026-02-11,39256,33199,45316,30128,0,0
2026-02-12,37833,31940,44074,30098,0,0
2026-02-13,32777,26666,39100,30067,-0,0
2026-02-14,7968,1836,14284,30037,-0,0
2026-02-15,7804,1829,13965,30007,-0,0
2026-02-16,41352,35433,47617,29976,0,0
2026-02-17,40176,33671,46250,29946,0,0
2026-02-18,38942,33316,45108,29916,0,0
2026-02-19,37586,31178,43926,29885,0,0
2026-02-20,32635,26301,38466,29855,-0,0
2026-02-21,8083,1610,14167,29825,-0,0
2026-02-22,8008,1808,14344,29795,-0,0
2026-02-23,41410,35027,47924,29764,0,0
2026-02-24,40332,34288,46680,29734,0,0
2026-02-25,39194,32281,45197,29704,0,0
2026-02-26,37925,31315,43916,29673,0,0
2026-02-27,33078,27055,39151,29643,-0,0
2026-02-28,8755,2444,15127,29613,-0,0
2026-03-01,8722,2475,15106,29583,-0,0
2026-03-02,41910,35727,48301,29552,0,0
2026-03-03,40846,34519,47141,29522,0,0
2026-03-04,39704,33733,46057,29492,0,0
2026-03-05,38414,32237,44738,29461,0,0
2026-03-06,33553,27468,39606,29431,-0,0
2026-03-07,9339,3286,15955,29401,-0,0
2026-03-08,9225,3193,15697,29371,-0,0
2026-03-09,42080,36090,47785,29340,0,0
2026-03-10,40916,34786,46488,29310,0,0
2026-03-11,39664,33396,46011,29280,0,0
2026-03-12,38259,32100,44410,29249,0,0
2026-03-13,33303,27307,39262,29219,-0,0
2026-03-14,9131,2649,15211,29189,-0,0
2026-03-15,8885,2727,15454,29159,-0,0
2026-03-16,41373,35127,47829,29128,0,0
2026-03-17,40092,33847,46249,29098,0,0
2026-03-18,38731,32411,44505,29068,0,0
2026-03-19,37227,31527,43391,29037,0,0
2026-03-20,32209,25591,38324,29007,-0,0
2026-03-21,8127,1885,14488,28977,-0,0
2026-03-22,7810,1750,14121,28947,-0,0
2026-03-23,40002,33566,46074,28916,0,0
2026-03-24,38686,32283,44671,28886,0,0
2026-03-25,37305,31770,43768,28856,0,0
2026-03-26,35795,29601,41690,28825,0,0
2026-03-27,30810,24731,37181,28795,-0,0
2026-03-28,6914,695,13315,28765,-0,0
2026-03-29,6620,445,12302,28734,-0,0
2026-03-30,38609,32603,44686,28704,0,0
2026-03-31,37343,31607,43834,28674,0,0
2026-04-01,36020,30060,42070,28644,0,0
2026-04-02,34576,27863,40917,28613,0,0
2026-04-03,29688,23795,36078,28583,-0,0
2026-04-04,6030,461,12277,28553,-0,0
2026-04-05,5804,-606,12304,28522,-0,0
2026-04-06,37622,31721,43750,28492,0,0
2026-04-07,36431,30532,42720,28462,0,0
2026-04-08,35182,29185,41705,28432,0,0
2026-04-09,33810,27547,40247,28401,0,0
2026-04-10,29018,22773,34816,28371,-0,0
2026-04-11,5592,-554,11753,28341,-0,0
2026-04-12,5422,-198,11028,28310,-0,0
2026-04-13,37053,30408,42913,28280,0,0
2026-04-14,35918,29794,42009,28250,0,0
2026-04-15,34722,28888,40738,28220,0,0
2026-04-16,33402,27615,39423,28189,0,0
2026-04-17,28684,22563,34750,28159,-0,0
2026-04-18,5471,-1438,11643,28129,-0,0
2026-04-19,5338,-657,12028,28098,-0,0
2026-04-20,36767,30225,42928,28068,0,0
2026-04-21,35675,29391,41725,28038,0,0
2026-04-22,34523,28879,40733,28008,0,0
2026-04-23,33248,26993,39357,27977,0,0
2026-04-24,28602,22534,34941,27947,-0,0
2026-04-25,5600,-350,12084,27917,-0,0
2026-04-26,5505,-148,11695,27886,-0,0
2026-04-27,36734,30265,42481,27856,0,0
2026-04-28,35687,30159,41883,27826,0,0
2026-04-29,34581,28217,40821,27795,0,0
2026-04-30,33352,27443,39507,27765,0,0
2026-05-01,28776,22321,34901,27735,-0,0
2026-05-02,5982,-485,11776,27705,-0,0
2026-05-03,5918,-545,12175,27674,-0,0
2026-05-04,36936,30608,42579,27644,0,0
2026-05-05,35920,29683,42322,27614,0,0
2026-05-06,34840,28576,40858,27583,0,0
2026-05-07,33633,27660,39945,27553,0,0
2026-05-08,29098,23105,35361,27523,-0,0
2026-05-09,6479,791,12481,27493,-0,0
2026-05-10,6409,650,12372,27462,-0,0
2026-05-11,37177,30932,43175,27432,0,0
2026-05-12,36149,30223,42213,27402,0,0
2026-05-13,35051,28696,41056,27371,0,0
2026-05-14,33821,27637,39857,27341,0,0
2026-05-15,29282,23104,35716,27311,-0,0
2026-05-16,6794,208,12689,27281,-0,0
2026-05-17,6677,630,12541,27250,-0,0
2026-05-18,37156,30978,44156,27220,0,0
2026-05-19,36083,30140,42296,27190,0,0
2026-05-20,34938,28574,41428,27159,0,0
2026-05-21,33662,27519,39613,27129,0,0
2026-05-22,29104,23026,35037,27099,-0,0
2026-05-23,6738,56,12482,27069,-0,0
2026-05-24,6572,229,12702,27038,-0,0
2026-05-25,36769,30487,42528,27008,0,0
2026-05-26,35662,29267,41271,26978,0,0
2026-05-27,34490,28328,40435,26947,0,0
2026-05-28,33194,27226,39210,26917,0,0
2026-05-29,28648,22100,34837,26887,-0,0
2026-05-30,6439,299,12290,26857,-0,0
2026-05-31,6265,371,12722,26826,-0,0
2026-06-01,36219,30516,42921,26796,0,0
2026-06-02,35122,29202,41504,26766,0,0
2026-06-03,33965,27604,40474,26735,0,0
2026-06-04,32690,26447,39165,26705,0,0
2026-06-05,28194,22316,34136,26675,-0,0
2026-06-06,6178,46,12025,26644,-0,0
2026-06-07,6023,16,12404,26614,-0,0
2026-06-08,35759,29689,41761,26584,0,0
2026-06-09,34689,28733,40906,26554,0,0
2026-06-10,33559,27265,39404,26523,0,0
2026-06-11,32308,26208,38623,26493,0,0
2026-06-12,27858,22106,33762,26463,-0,0
2026-06-13,6023,144,12257,26432,-0,0
2026-06-14,5870,-328,12046,26402,-0,0
2026-06-15,35365,29434,41395,26372,0,0
2026-06-16,34292,28576,40735,26342,0,0
2026-06-17,33153,27014,39367,26311,0,0
2026-06-18,31888,25717,38389,26281,0,0
2026-06-19,27444,20921,33408,26251,-0,0
2026-06-20,5748,-840,11712,26220,-0,0
2026-06-21,5556,-677,11507,26190,-0,0
2026-06-22,34769,28800,40799,26160,0,0
2026-06-23,33657,27805,39876,26130,0,0
2026-06-24,32477,26400,38575,26099,0,0
2026-06-25,31171,24505,37087,26069,0,0
2026-06-26,26712,20702,33101,26039,-0,0
2026-06-27,5143,-898,11092,26008,-0,0
2026-06-28,4907,-1374,10787,25978,-0,0
2026-06-29,33842,27673,39987,25948,0,0
2026-06-30,32702,26376,39111,25918,0,0
2026-07-01,31502,25342,38216,25887,0,0
2026-07-02,30185,23573,35898,25857,0,0
2026-07-03,25749,19598,31906,25827,-0,0
2026-07-04,4351,-2076,10730,25796,-0,-0
2026-07-05,4122,-1637,10578,25766,-0,-0
2026-07-06,32836,27165,39045,25736,0,-0
2026-07-07,31730,25395,38071,25706,0,-0
2026-07-08,30573,24926,37075,25675,0,-0
2026-07-09,29310,23422,35187,25645,0,-0
2026-07-10,24962,18723,30851,25615,-0,-0
2026-07-11,3799,-2165,9940,25584,-0,-0
2026-07-12,3638,-2514,9779,25554,-0,-0
2026-07-13,32185,25796,38161,25524,0,-0
2026-07-14,31164,24521,37692,25493,0,-0
